,accuracy,precision,recall,auc,f1-score,description
base,0.49324324324324326,0.49324324324324326,1.0,0.5,0.6606334841628959,Modelo base
DecisionTree,0.902027027027027,0.8874172185430463,0.9178082191780822,0.9658447488584474,0.9023569023569024,DecisionTree
RandomForest,0.9256756756756757,0.9696969696969697,0.8767123287671232,0.9764383561643836,0.920863309352518,RandomForest
LogisticRegression,0.9087837837837838,0.9219858156028369,0.8904109589041096,0.9640867579908676,0.9059233449477352,LogisticRegression
SVM,0.9222972972972973,0.9767441860465116,0.863013698630137,0.9733333333333333,0.9163636363636364,SVM
MLP,0.9054054054054054,0.9097222222222222,0.8972602739726028,0.9762100456621005,0.9034482758620691,MLP
xgboost,0.9256756756756757,0.9920634920634921,0.8561643835616438,0.9794520547945206,0.9191176470588235,xgboost
NearestNeighbors,0.9054054054054054,0.9538461538461539,0.8493150684931506,0.9611872146118721,0.8985507246376813,NearestNeighbors
